{
  "loss": [
    4455.1015625,
    3219.778564453125,
    2777.978515625,
    2458.117919921875,
    2239.795654296875,
    1923.60205078125,
    1428.3690185546875,
    602.9122314453125,
    235.6232147216797,
    124.16571044921875,
    78.67595672607422,
    65.00534057617188,
    57.17634201049805,
    53.98663330078125,
    52.10098648071289,
    50.849395751953125,
    50.08698654174805,
    49.46162033081055,
    48.92671203613281,
    48.49388885498047,
    47.960418701171875,
    47.55565643310547,
    47.112369537353516,
    46.75719451904297,
    46.27540969848633,
    45.8554573059082,
    45.47903823852539,
    45.048606872558594,
    44.73234558105469,
    44.37897491455078,
    44.03350830078125,
    43.718650817871094,
    43.42784881591797,
    43.200035095214844,
    42.95301055908203,
    42.71408462524414,
    42.46596908569336,
    42.2550163269043,
    42.159393310546875,
    41.98643493652344,
    41.796722412109375,
    41.66952133178711,
    41.47651672363281,
    41.38493728637695,
    41.29354476928711,
    41.176143646240234,
    41.05656814575195,
    40.9931640625,
    40.858463287353516,
    40.77858352661133,
    40.710567474365234,
    40.61546325683594,
    40.54011917114258,
    40.48750305175781,
    40.44378662109375,
    40.3470458984375,
    40.28901672363281,
    40.2115364074707,
    40.213844299316406,
    40.1458854675293,
    40.067378997802734,
    40.05812454223633,
    40.047882080078125,
    39.9951286315918,
    39.96822738647461,
    39.92927551269531,
    39.88190841674805,
    39.88996505737305,
    39.81971740722656,
    39.80935287475586,
    39.796173095703125,
    39.77938461303711,
    39.765201568603516,
    39.69948196411133,
    39.6783561706543,
    39.67448043823242,
    39.606201171875,
    39.62117004394531,
    39.555213928222656,
    39.57154083251953,
    39.58304977416992,
    39.52819061279297,
    39.5327262878418,
    39.540706634521484,
    39.48452377319336,
    39.507179260253906,
    39.49871063232422,
    39.486000061035156,
    39.497039794921875,
    39.4425163269043,
    39.471832275390625,
    39.4390983581543,
    39.40852737426758,
    39.41523742675781,
    39.41679382324219,
    39.401275634765625,
    39.410526275634766,
    39.37042236328125,
    39.34724044799805,
    39.349578857421875
  ],
  "val_loss": [
    4374.2861328125,
    4102.35302734375,
    3422.541259765625,
    2940.058349609375,
    2344.70361328125,
    1615.35302734375,
    806.1910400390625,
    295.3738708496094,
    129.7232208251953,
    81.32322692871094,
    65.04749298095703,
    59.1573486328125,
    56.33723831176758,
    54.98828125,
    54.207088470458984,
    53.6702880859375,
    53.23454284667969,
    52.82181167602539,
    52.40291976928711,
    51.967803955078125,
    51.51797866821289,
    51.049869537353516,
    50.57047653198242,
    50.078392028808594,
    49.587459564208984,
    49.09138488769531,
    48.60499954223633,
    48.124786376953125,
    47.65738296508789,
    47.208736419677734,
    46.777252197265625,
    46.364959716796875,
    45.97441864013672,
    45.60639953613281,
    45.2601203918457,
    44.93828582763672,
    44.63700866699219,
    44.36061477661133,
    44.10413360595703,
    43.8682746887207,
    43.64824295043945,
    43.4493408203125,
    43.2611198425293,
    43.08662414550781,
    42.92995834350586,
    42.783912658691406,
    42.64851760864258,
    42.523468017578125,
    42.402488708496094,
    42.29111862182617,
    42.18681716918945,
    42.08705139160156,
    41.995304107666016,
    41.908607482910156,
    41.829368591308594,
    41.7556266784668,
    41.687347412109375,
    41.61686706542969,
    41.55097198486328,
    41.48583221435547,
    41.42438888549805,
    41.365535736083984,
    41.31135177612305,
    41.26591110229492,
    41.220394134521484,
    41.17504119873047,
    41.13199234008789,
    41.08882522583008,
    41.05147171020508,
    41.01882553100586,
    40.98946762084961,
    40.96363830566406,
    40.93960189819336,
    40.91789245605469,
    40.897308349609375,
    40.87492370605469,
    40.85197448730469,
    40.837059020996094,
    40.8189697265625,
    40.80185317993164,
    40.785003662109375,
    40.77672576904297,
    40.765052795410156,
    40.75379180908203,
    40.74170684814453,
    40.72715759277344,
    40.71758270263672,
    40.706077575683594,
    40.69596481323242,
    40.684722900390625,
    40.67618942260742,
    40.67192840576172,
    40.664894104003906,
    40.652618408203125,
    40.64579391479492,
    40.64314651489258,
    40.63642120361328,
    40.62916946411133,
    40.62476348876953,
    40.61865234375
  ]
}